id,permalink,date,ip,subreddit,gildings,link,parent
hbnarhy,https://www.reddit.com/r/FreeKarma4You/comments/phzqx3/deleted_by_user/hbnarhy/,2021-09-05 03:21:51 UTC,,FreeKarma4You,0,https://www.reddit.com/r/FreeKarma4You/comments/phzqx3/deleted_by_user/,
hanrzhz,https://www.reddit.com/r/FreeKarma4You/comments/pd5uib/guys_i_need_comments_karma_i_will_upvotes_u_too/hanrzhz/,2021-08-28 08:16:35 UTC,,FreeKarma4You,0,https://www.reddit.com/r/FreeKarma4You/comments/pd5uib/guys_i_need_comments_karma_i_will_upvotes_u_too/,
hbnaq6k,https://www.reddit.com/r/FreeKarma4You/comments/pi1z3c/please_up_my_karma_and_i_will_vote_back_check_out/hbnaq6k/,2021-09-05 03:21:31 UTC,,FreeKarma4You,0,https://www.reddit.com/r/FreeKarma4You/comments/pi1z3c/please_up_my_karma_and_i_will_vote_back_check_out/,
ha93ogd,https://www.reddit.com/r/Gamingcirclejerk/comments/pa6wo2/we_used_to_play_basketball_here/ha93ogd/,2021-08-25 04:02:20 UTC,,Gamingcirclejerk,0,https://www.reddit.com/r/Gamingcirclejerk/comments/pa6wo2/we_used_to_play_basketball_here/,ha8yb5t
hadqd73,https://www.reddit.com/r/FreeKarma4You/comments/pbe465/everyone_who_upvotes_and_comments_will_get_upvoted/hadqd73/,2021-08-26 03:28:05 UTC,,FreeKarma4You,0,https://www.reddit.com/r/FreeKarma4You/comments/pbe465/everyone_who_upvotes_and_comments_will_get_upvoted/,hab79jz
hanrzvd,https://www.reddit.com/r/FreeKarma4You/comments/pd5uib/guys_i_need_comments_karma_i_will_upvotes_u_too/hanrzvd/,2021-08-28 08:16:43 UTC,,FreeKarma4You,0,https://www.reddit.com/r/FreeKarma4You/comments/pd5uib/guys_i_need_comments_karma_i_will_upvotes_u_too/,hanragn
hbnap8v,https://www.reddit.com/r/FreeKarma4You/comments/pi0m16/in_need_of_karma/hbnap8v/,2021-09-05 03:21:16 UTC,,FreeKarma4You,0,https://www.reddit.com/r/FreeKarma4You/comments/pi0m16/in_need_of_karma/,
hadqa59,https://www.reddit.com/r/FreeKarma4You/comments/pbe465/everyone_who_upvotes_and_comments_will_get_upvoted/hadqa59/,2021-08-26 03:27:20 UTC,,FreeKarma4You,0,https://www.reddit.com/r/FreeKarma4You/comments/pbe465/everyone_who_upvotes_and_comments_will_get_upvoted/,hab18ld
h8moobn,https://www.reddit.com/r/ekkomains/comments/p2ovpn/i_just_hit_challenger_on_euw_playing_literally/h8moobn/,2021-08-12 07:48:18 UTC,,ekkomains,0,https://www.reddit.com/r/ekkomains/comments/p2ovpn/i_just_hit_challenger_on_euw_playing_literally/,
hbnapq6,https://www.reddit.com/r/FreeKarma4You/comments/pi0sj2/karma_for_karma/hbnapq6/,2021-09-05 03:21:24 UTC,,FreeKarma4You,0,https://www.reddit.com/r/FreeKarma4You/comments/pi0sj2/karma_for_karma/,
hadjf6x,https://www.reddit.com/r/funny/comments/pbq1s6/siri_life_is_too_short_to_learn_german/hadjf6x/,2021-08-26 02:30:11 UTC,,funny,0,https://www.reddit.com/r/funny/comments/pbq1s6/siri_life_is_too_short_to_learn_german/,hadhjaq
hbnaqya,https://www.reddit.com/r/FreeKarma4You/comments/pi265f/upvote_this_puppy_upvoting_every_comment/hbnaqya/,2021-09-05 03:21:43 UTC,,FreeKarma4You,0,https://www.reddit.com/r/FreeKarma4You/comments/pi265f/upvote_this_puppy_upvoting_every_comment/,
hadq9j2,https://www.reddit.com/r/FreeKarma4You/comments/pbe465/everyone_who_upvotes_and_comments_will_get_upvoted/hadq9j2/,2021-08-26 03:27:11 UTC,,FreeKarma4You,0,https://www.reddit.com/r/FreeKarma4You/comments/pbe465/everyone_who_upvotes_and_comments_will_get_upvoted/,
hans03a,https://www.reddit.com/r/FreeKarma4You/comments/pd5uib/guys_i_need_comments_karma_i_will_upvotes_u_too/hans03a/,2021-08-28 08:16:49 UTC,,FreeKarma4You,0,https://www.reddit.com/r/FreeKarma4You/comments/pd5uib/guys_i_need_comments_karma_i_will_upvotes_u_too/,hanralr
hadqbjr,https://www.reddit.com/r/FreeKarma4You/comments/pbe465/everyone_who_upvotes_and_comments_will_get_upvoted/hadqbjr/,2021-08-26 03:27:41 UTC,,FreeKarma4You,0,https://www.reddit.com/r/FreeKarma4You/comments/pbe465/everyone_who_upvotes_and_comments_will_get_upvoted/,hab19sk
hadqdzh,https://www.reddit.com/r/FreeKarma4You/comments/pbe465/everyone_who_upvotes_and_comments_will_get_upvoted/hadqdzh/,2021-08-26 03:28:17 UTC,,FreeKarma4You,0,https://www.reddit.com/r/FreeKarma4You/comments/pbe465/everyone_who_upvotes_and_comments_will_get_upvoted/,hab2o6z
