id,permalink,date,ip,subreddit,gildings,title,url,body
pf9x1f,https://www.reddit.com/r/AnimeGirls/comments/pf9x1f/my_waifu/,2021-08-31 16:56:59 UTC,,AnimeGirls,0,my waifu,https://i.redd.it/t49u7wc15qk71.jpg,
p3swp0,https://www.reddit.com/r/memes/comments/p3swp0/me/,2021-08-13 20:02:05 UTC,,memes,0,me,https://i.redd.it/xowq92mnl6h71.jpg,
pbq1s6,https://www.reddit.com/r/funny/comments/pbq1s6/siri_life_is_too_short_to_learn_german/,2021-08-26 02:13:58 UTC,,funny,0,"Siri: ""Life is too short to learn German"".",https://i.redd.it/c55mnk2y2mj71.jpg,
pb3ksq,https://www.reddit.com/r/Animewallpaper/comments/pb3ksq/takagi/,2021-08-25 04:04:31 UTC,,Animewallpaper,0,takagi ‚ù§Ô∏è,https://i.redd.it/3rh9145rhfj71.jpg,
pb66q3,https://www.reddit.com/r/funny/comments/pb66q3/_/,2021-08-25 07:16:28 UTC,,funny,0,..,https://i.redd.it/st6ldh00ggj71.jpg,
pd23gw,https://www.reddit.com/r/NoRules/comments/pd23gw/destruction/,2021-08-28 03:08:55 UTC,,NoRules,0,Destruction,https://i.redd.it/h4fd6vkkm0k71.jpg,
pb3lab,https://www.reddit.com/r/ecchi/comments/pb3lab/kawai_rem/,2021-08-25 04:05:24 UTC,,ecchi,0,kawai rem,https://i.redd.it/bo5pbzpwhfj71.jpg,
pa655h,https://www.reddit.com/r/dankmemes/comments/pa655h/i_know_u_do_that_too/,2021-08-23 18:46:53 UTC,,dankmemes,0,i know u do that too.,https://i.redd.it/vl4sa0vcl5j71.jpg,
us8ql7,https://www.reddit.com/r/CryptoMoonShots/comments/us8ql7/weeb_3_community/,2022-05-18 09:13:24 UTC,,CryptoMoonShots,0,Weeb 3 Community,/r/CryptoMoonShots/comments/us8ql7/weeb_3_community/,"Weeb 3 Community is the new community in BSC for weeb! With the community token hype, we are gathering every anime lovers to our project and make money together. Join our community anime lovers!

TG: /Weeb3\_Community

CA: 0x1C3E127AF26779DeF20658344975eB0183E11a42"
pbqcyl,https://www.reddit.com/r/funny/comments/pbqcyl/argh_nooooooo/,2021-08-26 02:32:02 UTC,,funny,0,Argh nooooooo,https://i.redd.it/kd3eko266mj71.jpg,
pb58ri,https://www.reddit.com/r/funny/comments/pb58ri/this_is_the_truth_they_were_even_navy_seals/,2021-08-25 06:03:08 UTC,,funny,0,This is the truth. They were even Navy Seals,https://i.redd.it/jp3rzezw2gj71.jpg,
pb9a07,https://www.reddit.com/r/funny/comments/pb9a07/that_requires_being_deaf/,2021-08-25 11:27:00 UTC,,funny,0,That requires being deaf .,https://i.redd.it/dzc6k27pohj71.jpg,
p3j160,https://www.reddit.com/r/memes/comments/p3j160/sensei/,2021-08-13 08:01:05 UTC,,memes,0,sensei...,https://i.redd.it/jzn6zgn013h71.jpg,
pb9aqy,https://www.reddit.com/r/memes/comments/pb9aqy/that_requires_being_deaf/,2021-08-25 11:28:25 UTC,,memes,0,That requires being deaf .,https://i.redd.it/h52px89yohj71.jpg,
p34coi,https://www.reddit.com/r/AnimeGirls/comments/p34coi/cute/,2021-08-12 17:16:52 UTC,,AnimeGirls,0,Cute,https://i.redd.it/j54dypm9nyg71.jpg,
pd5uib,https://www.reddit.com/r/FreeKarma4You/comments/pd5uib/guys_i_need_comments_karma_i_will_upvotes_u_too/,2021-08-28 08:06:04 UTC,,FreeKarma4You,0,"guys, i need comments karma, i will upvotes u too ‚úåÔ∏è",/r/FreeKarma4You/comments/pd5uib/guys_i_need_comments_karma_i_will_upvotes_u_too/,
pbyq48,https://www.reddit.com/r/funny/comments/pbyq48/this_is_a_medium_rare_event_enjoy_it/,2021-08-26 12:42:46 UTC,,funny,0,this is a medium rare event. enjoy it,https://i.redd.it/io0n0en47pj71.jpg,
pb3k67,https://www.reddit.com/r/AnimeGirls/comments/pb3k67/takagi/,2021-08-25 04:03:15 UTC,,AnimeGirls,0,takagi‚ù§Ô∏è‚ù§Ô∏è,https://i.redd.it/uz1x9q2jhfj71.jpg,
pbqgfw,https://www.reddit.com/r/ContagiousLaughter/comments/pbqgfw/you_need_to_know_this/,2021-08-26 02:37:53 UTC,,ContagiousLaughter,0,you need to know thisüòÇ,https://v.redd.it/lcqjkfe77mj71,
pb59a5,https://www.reddit.com/r/dankmemes/comments/pb59a5/this_is_the_truth_they_were_even_navy_seals/,2021-08-25 06:04:11 UTC,,dankmemes,0,This is the truth. They were even Navy Seals,https://i.redd.it/tzr5g4t33gj71.jpg,
pbra9q,https://www.reddit.com/r/FreeKarma4You/comments/pbra9q/i_will_upvote_u_back_please_upvote_this_and_my/,2021-08-26 03:29:06 UTC,,FreeKarma4You,0,"i will upvote u back, please upvote this and my comments, thankyouu!",/r/FreeKarma4You/comments/pbra9q/i_will_upvote_u_back_please_upvote_this_and_my/,
pb9adc,https://www.reddit.com/r/meme/comments/pb9adc/that_requires_being_deaf/,2021-08-25 11:27:44 UTC,,meme,0,That requires being deaf .,https://i.redd.it/emji61wtohj71.jpg,
p3j29f,https://www.reddit.com/r/sadcringe/comments/p3j29f/but/,2021-08-13 08:03:37 UTC,,sadcringe,0,but..,https://i.redd.it/9k0q420h13h71.jpg,
p3ki4r,https://www.reddit.com/r/PewdiepieSubmissions/comments/p3ki4r/please_say_that_u_miss_that_moment_too/,2021-08-13 10:10:44 UTC,,PewdiepieSubmissions,0,please say that u miss that moment too,https://v.redd.it/8ov4r555o3h71,
us8q1e,https://www.reddit.com/r/CryptoMoonShots/comments/us8q1e/weeb_3/,2022-05-18 09:12:11 UTC,,CryptoMoonShots,0,Weeb 3,/r/CryptoMoonShots/comments/us8q1e/weeb_3/,"Weeb 3 Community is the new community in BSC for weeb! With the community token hype, we are gathering every anime lovers to our project and make money together. Join our community anime lovers!

&#x200B;

TG: [https://t.me/Weeb3\_Community](https://t.me/Weeb3_Community)

&#x200B;

CA: 0x1C3E127AF26779DeF20658344975eB0183E11a42

&#x200B;

Chart: [https://poocoin.app/tokens/0x1c3e127af26779def20658344975eb0183e11a42](https://poocoin.app/tokens/0x1c3e127af26779def20658344975eb0183e11a42)"
1dec8r8,https://www.reddit.com/r/u_franksthg/comments/1dec8r8/good_morning/,2024-06-12 17:25:43 UTC,185.219.141.154,u_franksthg,0,good morning,/r/u_franksthg/comments/1dec8r8/good_morning/,morning guys!
us8r85,https://www.reddit.com/r/CryptoMoonShots/comments/us8r85/weeb_3_community_is_the_new_community_in_bsc/,2022-05-18 09:14:45 UTC,,CryptoMoonShots,0,Weeb 3 Community is the new community in BSC,/r/CryptoMoonShots/comments/us8r85/weeb_3_community_is_the_new_community_in_bsc/,"Weeb 3 Community is the new community in BSC for weeb! With the community token hype, we are gathering every anime lovers to our project and make money together. Join our community anime lovers!

TG: /Weeb3\_Community

CA: 0x1C3E127AF26779DeF20658344975eB0183E11a42"
pdc3mf,https://www.reddit.com/r/funny/comments/pdc3mf/hint_her_husband_is_the_store_manager/,2021-08-28 15:42:15 UTC,,funny,0,Hint: Her husband is the store manager,https://i.redd.it/tszdq32zc4k71.jpg,
pamp20,https://www.reddit.com/r/AnimeGirls/comments/pamp20/kawai_rem/,2021-08-24 12:51:05 UTC,,AnimeGirls,0,kawai rem.,https://i.redd.it/hgueux3syaj71.jpg,
pbq1ga,https://www.reddit.com/r/teenagers/comments/pbq1ga/siri_life_is_too_short_to_learn_german/,2021-08-26 02:13:23 UTC,,teenagers,0,"Siri: ""Life is too short to learn German"".",https://i.redd.it/svgwl4du2mj71.jpg,
pb5bod,https://www.reddit.com/r/meme/comments/pb5bod/so_get_out_of_the_table/,2021-08-25 06:09:04 UTC,,meme,0,So get out of the table,https://i.redd.it/8x0qqr7z3gj71.jpg,
pbqelb,https://www.reddit.com/r/funny/comments/pbqelb/arghh_noooooo/,2021-08-26 02:34:47 UTC,,funny,0,arghh noooooo,https://v.redd.it/242ygtcn6mj71,
pa6wo2,https://www.reddit.com/r/Gamingcirclejerk/comments/pa6wo2/we_used_to_play_basketball_here/,2021-08-23 19:25:11 UTC,,Gamingcirclejerk,0,We used to play basketball here.,https://i.redd.it/3w58bvn6s5j71.jpg,
pau9nn,https://www.reddit.com/r/sadcringe/comments/pau9nn/yep_me/,2021-08-24 19:22:51 UTC,,sadcringe,0,yep me.,https://i.redd.it/v2g5lunowcj71.jpg,
pb9dgl,https://www.reddit.com/r/teenagers/comments/pb9dgl/that_requires_being_deaf/,2021-08-25 11:33:24 UTC,,teenagers,0,That requires being deaf.,https://i.redd.it/5bhvmxcuphj71.jpg,
pf9yp2,https://www.reddit.com/r/FreeKarma4You/comments/pf9yp2/some_people_say_upvote_back_but_he_never_upvote/,2021-08-31 16:59:11 UTC,,FreeKarma4You,0,"Some people say ""upvote back"" but he never upvote me, lol, u sucks",/r/FreeKarma4You/comments/pf9yp2/some_people_say_upvote_back_but_he_never_upvote/,
pi5iav,https://www.reddit.com/r/AnimeGirls/comments/pi5iav/touch_the_picture/,2021-09-05 03:22:22 UTC,,AnimeGirls,0,touch the picture,https://i.redd.it/1vkzavi9sll71.jpg,
p34go8,https://www.reddit.com/r/meme/comments/p34go8/me/,2021-08-12 17:22:24 UTC,,meme,0,me,https://i.redd.it/hmi46969oyg71.jpg,
pb9boq,https://www.reddit.com/r/teenagers/comments/pb9boq/motivation/,2021-08-25 11:30:11 UTC,,teenagers,0,motivation.,https://i.redd.it/gan58dm9phj71.jpg,
p3kh63,https://www.reddit.com/r/discord_irl/comments/p3kh63/u_know_that_feel/,2021-08-13 10:08:37 UTC,,discord_irl,0,"U know, that feel",https://v.redd.it/0vluwflrn3h71,
pbqfvw,https://www.reddit.com/r/teenagers/comments/pbqfvw/u_need_to_know_this/,2021-08-26 02:36:55 UTC,,teenagers,0,u need to know this,https://v.redd.it/ger8t9317mj71,
pa6ar5,https://www.reddit.com/r/Memes_Of_The_Dank/comments/pa6ar5/its_habit/,2021-08-23 18:54:45 UTC,,Memes_Of_The_Dank,0,its habit.,https://i.redd.it/7fu5ws1gm5j71.jpg,
p3idb3,https://www.reddit.com/r/hamsters/comments/p3idb3/she_wont_get_out/,2021-08-13 07:04:42 UTC,,hamsters,0,she wont get out,https://i.redd.it/xssiaomyq2h71.jpg,
pa6v7a,https://www.reddit.com/r/sadcringe/comments/pa6v7a/we_used_to_play_basketball_here/,2021-08-23 19:23:09 UTC,,sadcringe,0,We used to play basketball here.,https://i.redd.it/o391lwgtr5j71.jpg,
pb99tl,https://www.reddit.com/r/shitposting/comments/pb99tl/that_requires_being_deaf/,2021-08-25 11:26:36 UTC,,shitposting,0,That requires being deaf .,https://i.redd.it/lsduzpkmohj71.jpg,
pb9egu,https://www.reddit.com/r/ecchi/comments/pb9egu/takagi_or_rem_which_one/,2021-08-25 11:35:13 UTC,,ecchi,0,takagi or rem? which one?,https://www.reddit.com/gallery/pb9egu,
