id,permalink,direction
pf9x1f,https://www.reddit.com/r/AnimeGirls/comments/pf9x1f/my_waifu/,up
p3swp0,https://www.reddit.com/r/memes/comments/p3swp0/me/,up
pbq1s6,https://www.reddit.com/r/funny/comments/pbq1s6/siri_life_is_too_short_to_learn_german/,up
pb3ksq,https://www.reddit.com/r/Animewallpaper/comments/pb3ksq/takagi/,up
pb66q3,https://www.reddit.com/r/funny/comments/pb66q3/_/,up
pd23gw,https://www.reddit.com/r/NoRules/comments/pd23gw/destruction/,up
p302ab,https://www.reddit.com/r/movies/comments/p302ab/the_blade_runner_directors_cut_widely_considered/,up
pa655h,https://www.reddit.com/r/dankmemes/comments/pa655h/i_know_u_do_that_too/,up
p2xztm,https://www.reddit.com/r/tech/comments/p2xztm/flying_taxi_company_joby_aviation_goes_public/,up
us8ql7,https://www.reddit.com/r/CryptoMoonShots/comments/us8ql7/weeb_3_community/,up
pbqcyl,https://www.reddit.com/r/funny/comments/pbqcyl/argh_nooooooo/,up
pb58ri,https://www.reddit.com/r/funny/comments/pb58ri/this_is_the_truth_they_were_even_navy_seals/,up
pb9a07,https://www.reddit.com/r/funny/comments/pb9a07/that_requires_being_deaf/,up
p3j160,https://www.reddit.com/r/memes/comments/p3j160/sensei/,up
pb9aqy,https://www.reddit.com/r/memes/comments/pb9aqy/that_requires_being_deaf/,up
p37q97,https://www.reddit.com/r/sadcringe/comments/p37q97/oof/,up
p3idb3,https://www.reddit.com/r/hamsters/comments/p3idb3/she_wont_get_out/,up
p34coi,https://www.reddit.com/r/AnimeGirls/comments/p34coi/cute/,up
pd5uib,https://www.reddit.com/r/FreeKarma4You/comments/pd5uib/guys_i_need_comments_karma_i_will_upvotes_u_too/,up
oxtd0e,https://www.reddit.com/r/u_AmericanManageAssoc/comments/oxtd0e/ama_offers_unique_online_training_options_for/,up
pbyq48,https://www.reddit.com/r/funny/comments/pbyq48/this_is_a_medium_rare_event_enjoy_it/,up
pbqelb,https://www.reddit.com/r/funny/comments/pbqelb/arghh_noooooo/,up
pbqgfw,https://www.reddit.com/r/ContagiousLaughter/comments/pbqgfw/you_need_to_know_this/,up
pb59a5,https://www.reddit.com/r/dankmemes/comments/pb59a5/this_is_the_truth_they_were_even_navy_seals/,up
pbra9q,https://www.reddit.com/r/FreeKarma4You/comments/pbra9q/i_will_upvote_u_back_please_upvote_this_and_my/,up
pb9adc,https://www.reddit.com/r/meme/comments/pb9adc/that_requires_being_deaf/,up
p3j29f,https://www.reddit.com/r/sadcringe/comments/p3j29f/but/,up
p3ki4r,https://www.reddit.com/r/PewdiepieSubmissions/comments/p3ki4r/please_say_that_u_miss_that_moment_too/,up
pb3lab,https://www.reddit.com/r/ecchi/comments/pb3lab/kawai_rem/,up
us8q1e,https://www.reddit.com/r/CryptoMoonShots/comments/us8q1e/weeb_3/,up
1dec8r8,https://www.reddit.com/r/u_franksthg/comments/1dec8r8/good_morning/,up
us8r85,https://www.reddit.com/r/CryptoMoonShots/comments/us8r85/weeb_3_community_is_the_new_community_in_bsc/,up
pdc3mf,https://www.reddit.com/r/funny/comments/pdc3mf/hint_her_husband_is_the_store_manager/,up
pamp20,https://www.reddit.com/r/AnimeGirls/comments/pamp20/kawai_rem/,up
pbq1ga,https://www.reddit.com/r/teenagers/comments/pbq1ga/siri_life_is_too_short_to_learn_german/,up
pb5bod,https://www.reddit.com/r/meme/comments/pb5bod/so_get_out_of_the_table/,up
pb3k67,https://www.reddit.com/r/AnimeGirls/comments/pb3k67/takagi/,up
pa6wo2,https://www.reddit.com/r/Gamingcirclejerk/comments/pa6wo2/we_used_to_play_basketball_here/,up
pau9nn,https://www.reddit.com/r/sadcringe/comments/pau9nn/yep_me/,up
pb9dgl,https://www.reddit.com/r/teenagers/comments/pb9dgl/that_requires_being_deaf/,up
pf9yp2,https://www.reddit.com/r/FreeKarma4You/comments/pf9yp2/some_people_say_upvote_back_but_he_never_upvote/,up
pi5iav,https://www.reddit.com/r/AnimeGirls/comments/pi5iav/touch_the_picture/,up
p34go8,https://www.reddit.com/r/meme/comments/p34go8/me/,up
pb9boq,https://www.reddit.com/r/teenagers/comments/pb9boq/motivation/,up
p3kh63,https://www.reddit.com/r/discord_irl/comments/p3kh63/u_know_that_feel/,up
pbqfvw,https://www.reddit.com/r/teenagers/comments/pbqfvw/u_need_to_know_this/,up
pa6ar5,https://www.reddit.com/r/Memes_Of_The_Dank/comments/pa6ar5/its_habit/,up
p2wz1i,https://www.reddit.com/r/worldnews/comments/p2wz1i/the_indonesian_army_has_ended_its_twofinger/,up
pa6v7a,https://www.reddit.com/r/sadcringe/comments/pa6v7a/we_used_to_play_basketball_here/,up
pb99tl,https://www.reddit.com/r/shitposting/comments/pb99tl/that_requires_being_deaf/,up
pb9egu,https://www.reddit.com/r/ecchi/comments/pb9egu/takagi_or_rem_which_one/,up
